{"cameraMode":{"drawMode":0,"name":"Shaded","section":"Shading Mode"},"sceneLighting":false,"audioPlay":false,"sceneViewState":{"m_AlwaysRefresh":false,"showFog":true,"showSkybox":false,"showFlares":true,"showImageEffects":true,"showParticleSystems":true,"showVisualEffectGraphs":true,"m_FxEnabled":true},"in2DMode":false,"pivot":{"x":-0.32434123754501345,"y":1.2263137102127076,"z":-0.044362958520650867},"rotation":{"x":-0.44185665249824526,"y":0.10533946007490158,"z":-0.052337776869535449,"w":-0.8893513083457947},"size":0.952627956867218,"orthographic":false}